<?xml version="1.0" encoding="UTF-8"?> 
<java version="1.4.0" class="java.beans.XMLDecoder"> 
 <object class="java.util.Vector"> 
  <void method="add"> 
   <object id="Person0" class="Person"> 
    <void property="name"> 
     <string>Chuck</string> 
    </void> 
   </object> 
  </void> 
  <void method="add"> 
   <object class="Person"> 
    <void property="name"> 
     <string>Sam</string> 
    </void> 
   </object> 
  </void> 
  <void method="add"> 
   <object idref="Person0"/> 
  </void> 
 </object> 
</java> 
